Forename	Surname	Email	Phone
Ulric	Morin	nisi.nibh@tinciduntDonecvitae.co.uk	915-6536
Caesar	Russo	amet.consectetuer@ipsumprimisin.ca	1-587-219-0189
Theodore	Foster	a.magna.Lorem@vehicularisus.com	676-0719
Aaron	Oneal	Maecenas@elit.org	1-724-966-8406
Carson	Moreno	eu.lacus@tempor.ca	137-8746
Dorian	Mendoza	lectus.sit.amet@quam.co.uk	1-542-754-3158
Kennedy	Blanchard	tellus.eu.augue@lorem.edu	902-0240
Amal	Riley	Suspendisse.sed@purusaccumsan.com	676-8529
Holmes	Diaz	sit.amet@pellentesque.org	1-793-809-2610
Talon	Castro	eros.Nam.consequat@Integer.com	979-6909
Seth	Stokes	ac@nibhdolor.com	196-3350
Stewart	Sparks	rutrum.eu.ultrices@Praesentinterdumligula.org	417-2810
Joshua	Camacho	dolor.quam.elementum@tortorat.net	1-817-228-5589
Neville	Barker	convallis.convallis@fringillacursuspurus.co.uk	388-3367
Elmo	Love	Maecenas.mi@egestas.org	1-695-496-6183
Hiram	Joseph	velit.Quisque.varius@pharetra.edu	1-542-517-5533
James	Wise	vel.turpis.Aliquam@Donecfeugiat.net	1-684-611-3061
Cade	Gregory	Nullam.enim.Sed@aliquet.edu	1-722-768-8008
Ashton	Burch	eget.massa@Duis.edu	1-818-923-9066
Barclay	Cook	congue@Suspendisse.edu	722-5973
Michael	Holt	a@vulputaterisusa.co.uk	1-186-927-7034
Nigel	Hale	purus.accumsan.interdum@Donecfringilla.edu	1-308-643-9847
Raphael	Dixon	auctor.quis.tristique@vitaesodales.ca	1-400-199-6053
Deacon	Langley	velit@indolorFusce.edu	257-0598
Forrest	Moran	Cras@lacusvariuset.edu	876-1069
Orson	Little	Pellentesque.habitant@pellentesquetellussem.com	957-5484
Giacomo	Dixon	molestie.Sed@vestibulumnec.net	1-481-576-2044
Cadman	Sherman	id.magna@ornareelit.edu	959-7545
Tobias	Smith	consequat.auctor@Loremipsum.org	1-176-208-7483
Garth	Sears	eget@laoreetliberoet.ca	1-735-529-3204
Marvin	Myers	mattis@luctusfelispurus.edu	333-1325
Vincent	Avery	massa@quam.co.uk	1-618-868-1589
Kenyon	Mendez	Etiam.ligula@volutpat.com	1-236-434-3198
Marshall	Weber	dui.in@scelerisqueneque.edu	1-619-739-9295
Ulysses	Emerson	et.rutrum.non@ornare.org	507-2967
Damian	Gates	magna.Suspendisse.tristique@vehicula.co.uk	538-3553
Cruz	Hess	at.pretium@necmollisvitae.edu	862-5925
Clarke	Atkins	mollis.Duis.sit@magna.org	885-3866
Lester	Knight	fermentum@pedemalesuada.ca	1-540-936-5183
Fitzgerald	Horne	ante.Nunc.mauris@loremloremluctus.co.uk	447-8799
Perry	Mays	pellentesque@etmagnisdis.net	1-893-794-6275
Jermaine	Austin	eu.ligula@non.co.uk	1-309-841-5194
Lewis	Moon	ut.pharetra.sed@arcu.org	880-9062
Christian	Gray	ac.turpis.egestas@Aliquamfringilla.edu	822-1863
Cameron	Finley	metus.Aenean.sed@volutpatornarefacilisis.edu	1-663-138-4455
Samuel	Mccray	euismod.ac@lectus.edu	235-4350
Palmer	Harrison	vitae.sodales.nisi@pharetranibhAliquam.co.uk	590-3032
Josiah	Guzman	orci.Ut@inmagnaPhasellus.net	163-7041
Samson	Holt	amet.metus@Class.com	1-940-348-9546
Harding	Miller	nulla@Donecporttitortellus.org	1-619-139-6672
Nissim	Todd	Cras.dictum@arcuAliquam.net	139-0687
Duncan	Johns	pede@magna.edu	1-808-754-5235
Colorado	Robinson	sit.amet.ultricies@dignissim.com	1-416-958-5927
Acton	Avila	est.tempor.bibendum@auctorvelitAliquam.org	922-5219
Moses	Garner	erat@egetdictumplacerat.org	1-276-301-5104
Orson	Sawyer	orci@disparturientmontes.com	1-429-772-2031
Yoshio	Colon	Donec@utnisi.ca	336-0210
Jelani	Anderson	pharetra@massaSuspendisseeleifend.com	183-3935
Adrian	Barnes	Vivamus.nisi.Mauris@Ut.edu	352-5387
Sylvester	Faulkner	est.congue@et.org	1-811-645-0089
Wylie	Miles	pede.nonummy.ut@gravida.edu	257-3622
Finn	Mcgowan	cursus@malesuadaIntegerid.net	540-6456
Arden	Hart	scelerisque.neque.Nullam@erosProinultrices.org	1-178-126-0056
Isaiah	Summers	Curabitur@inhendrerit.org	550-8950
Clinton	Sampson	dictum.mi.ac@Utnec.co.uk	1-513-736-6014
Hiram	Dennis	senectus@Proin.co.uk	287-3034
Leo	Clay	est.tempor.bibendum@sodalesatvelit.edu	624-3364
Felix	Rosales	pharetra@gravidasitamet.edu	887-9211
Caesar	Gallagher	Proin.nisl@lobortistellusjusto.com	1-509-738-1703
Aaron	Harding	Nunc@lobortisnisinibh.org	1-329-496-0687
Geoffrey	Park	a@velit.co.uk	1-739-873-4253
Jarrod	Lloyd	sollicitudin.adipiscing@eueuismodac.org	802-2661
Cairo	Blair	euismod.enim@Sedcongue.net	117-5959
Emmanuel	Cortez	pretium.aliquet.metus@etmagnisdis.co.uk	839-3316
Micah	Lucas	in.magna.Phasellus@tempordiam.co.uk	862-1526
Ashton	Fuller	orci@sedpedeCum.edu	1-395-554-1612
Mufutau	Clay	rutrum.magna.Cras@tortorIntegeraliquam.com	169-7866
Benjamin	Herrera	diam.lorem@ridiculus.edu	318-3203
Cody	Davis	fermentum.metus@nullaIntincidunt.edu	1-564-976-4858
Tyrone	Calhoun	hendrerit.consectetuer@pedeblandit.org	1-224-239-5270
Demetrius	Raymond	Suspendisse@feugiattellus.edu	1-439-683-7858
Xavier	Sanford	felis@vel.net	564-4716
Xanthus	Richards	vitae.diam@Crasdictumultricies.ca	329-2251
Marvin	Dennis	elementum@acmetusvitae.org	1-985-567-5004
Giacomo	Bright	consectetuer@vitae.org	318-0623
Ivan	Spears	vehicula.et.rutrum@odioEtiam.net	989-4709
Cade	Contreras	nec.ligula.consectetuer@tincidunt.com	1-331-849-7454
Bruno	Mcintyre	dictum.Phasellus@eget.net	1-819-230-8676
Brendan	Peck	ac.libero@Aliquamrutrum.edu	477-1370
Dieter	Mcfadden	porta.elit@scelerisquedui.net	804-0096
Aladdin	Garcia	Cras.eu@ornarelectusante.ca	484-9959
Adrian	Golden	at.libero@dapibusgravida.co.uk	492-9376
Dexter	Whitfield	sagittis@odioAliquam.org	107-1272
Lars	Fleming	Donec.fringilla@pedeNunc.co.uk	888-2249
David	Stewart	elit.Nulla.facilisi@sollicitudinadipiscing.co.uk	148-3846
Melvin	Rowe	sapien.cursus.in@sitametluctus.net	297-9253
Gil	Kline	Nunc@dolor.org	114-7483
Austin	Norman	dui.Cras@dolorvitae.co.uk	1-621-998-6783
Adrian	Bond	erat@Fuscealiquetmagna.ca	554-3866
Oscar	Tillman	Donec@Ut.co.uk	1-711-761-3957
